cgpa,tenth_percentage,inter_percentage,backlogs,internships,projects,aptitude_score,coding_score,communication_score,dsa_score,certifications,placement_status
7.0,62.96,61.78,1,1,2,71.14,55.22,56.45,87.92,2,1
9.3,78.3,61.11,2,2,2,54.34,81.74,57.41,90.18,0,1
8.43,92.54,90.78,0,2,5,81.61,49.87,76.92,92.27,5,1
7.89,86.49,61.23,1,0,3,39.25,34.73,41.73,25.92,0,1
6.12,89.68,62.24,1,0,2,74.62,90.62,79.96,37.02,5,1
6.12,83.33,84.17,2,0,4,83.55,55.65,85.97,70.76,1,1
5.73,84.77,70.24,3,1,2,75.37,81.53,62.83,26.78,4,1
8.96,91.52,84.95,0,1,4,64.83,48.14,82.07,29.45,3,1
7.9,65.74,52.94,1,1,2,92.02,72.01,49.6,40.48,2,1
8.33,76.05,71.94,0,0,4,53.0,86.77,57.72,60.87,0,1
5.58,64.51,51.51,0,0,2,36.15,32.71,93.59,63.21,3,1
9.38,97.47,52.82,0,1,2,60.92,83.99,94.25,27.4,5,1
8.83,95.59,90.79,0,1,1,36.98,67.14,68.19,36.93,4,1
6.35,56.7,56.27,0,0,4,92.24,69.49,91.38,59.98,2,1
6.23,85.34,73.96,1,1,4,47.6,64.01,68.75,66.58,2,1
6.23,94.79,68.5,0,0,4,82.34,86.84,56.04,35.39,5,1
6.72,62.76,65.63,1,2,0,81.47,32.82,54.68,52.92,4,1
7.6,79.42,90.49,0,2,2,48.06,46.97,91.12,88.31,2,1
7.23,94.37,50.98,0,0,4,72.27,86.92,49.48,94.92,4,1
6.66,56.46,79.87,2,0,5,37.88,78.9,71.88,94.11,2,1
7.95,84.99,93.35,0,1,0,64.01,31.15,70.55,86.72,1,1
6.06,67.79,75.21,0,0,1,35.88,63.61,80.68,52.63,5,1
6.67,94.75,92.16,1,1,4,90.27,64.42,67.46,73.06,4,1
6.97,96.76,52.35,0,2,4,93.57,56.06,54.98,54.16,3,1
7.32,95.6,68.85,0,1,0,48.34,49.33,49.32,70.4,1,1
8.64,75.39,61.71,0,2,2,47.49,74.31,74.15,46.66,3,1
6.3,92.07,82.89,3,1,5,80.22,43.51,79.54,67.43,5,1
7.56,91.32,94.16,1,0,1,50.2,81.93,71.32,61.66,2,1
7.87,68.72,61.54,1,1,4,88.7,82.2,80.61,26.71,3,1
5.69,90.64,79.44,1,1,2,69.44,56.99,47.78,80.35,1,1
7.93,56.59,58.91,0,1,5,56.05,48.43,88.54,25.83,4,1
6.18,80.64,75.44,0,0,5,84.96,48.45,72.03,45.52,0,1
5.76,64.89,70.88,2,0,1,64.6,61.35,46.98,25.41,3,0
9.3,60.18,93.74,0,3,3,89.7,76.77,65.41,51.33,0,1
9.36,58.31,77.38,0,0,5,90.68,53.33,86.46,29.42,5,1
8.73,84.94,65.73,0,3,3,44.93,69.65,89.37,88.95,3,1
6.72,69.61,55.13,0,3,5,35.14,54.86,54.56,54.1,3,1
5.89,86.16,56.81,4,2,1,94.04,49.79,79.12,57.16,4,1
8.24,57.81,60.14,0,1,0,89.37,31.62,45.5,49.49,2,1
7.26,68.56,61.29,0,1,1,38.33,30.25,41.85,68.93,1,1
5.99,78.2,88.28,0,2,1,84.98,44.77,70.82,79.91,1,1
7.48,89.0,75.26,4,0,0,62.47,56.42,78.22,70.37,1,0
5.64,68.71,73.55,0,1,0,50.54,85.33,83.77,77.37,5,1
9.14,81.91,55.16,0,1,2,87.72,81.9,58.71,88.42,2,1
6.54,93.1,88.71,1,1,5,46.8,47.37,40.36,85.45,0,1
8.15,81.48,82.53,1,1,2,91.84,45.9,66.37,72.18,1,1
6.75,65.02,53.05,0,0,0,47.34,44.78,40.87,40.02,0,1
7.58,56.05,81.85,0,1,3,71.82,52.05,45.06,69.64,2,1
7.69,92.41,74.46,0,2,3,48.39,62.38,57.97,60.43,5,1
6.24,55.91,53.68,0,0,1,67.74,58.51,64.04,75.21,2,1
9.38,92.61,70.62,0,2,4,76.04,44.19,55.37,83.31,4,1
8.6,77.74,71.81,0,1,1,46.41,38.48,72.0,76.99,1,1
9.26,95.38,57.46,0,2,1,66.25,30.82,43.04,84.26,5,1
9.08,89.35,92.56,0,1,4,63.14,40.01,47.95,29.47,4,1
7.89,97.91,88.25,1,2,5,39.26,75.85,78.24,27.21,1,1
9.19,70.08,80.11,4,0,0,84.1,45.84,47.82,43.1,2,1
5.85,87.99,70.8,1,2,3,55.14,60.46,75.19,88.05,2,1
6.28,72.28,68.53,0,0,1,69.47,68.43,43.01,82.66,3,1
5.68,75.63,79.29,0,2,4,65.89,87.64,62.41,72.79,3,1
6.8,81.98,74.54,4,3,2,65.8,87.78,49.76,74.05,2,1
7.05,92.57,52.8,0,0,1,41.43,78.47,46.03,75.87,2,1
6.59,97.32,73.06,0,0,3,60.41,32.29,71.19,90.98,0,1
8.81,88.04,86.29,1,2,0,62.14,67.38,91.06,83.25,0,1
6.93,72.96,70.67,1,0,1,79.02,81.13,43.01,68.64,4,1
6.62,73.12,52.34,1,2,1,85.4,31.12,63.19,71.6,3,1
7.67,86.72,85.38,0,0,5,67.7,65.73,78.91,39.96,3,1
6.06,65.27,59.06,0,0,4,40.21,85.75,65.45,71.01,2,1
8.71,59.75,61.64,4,3,2,49.21,60.82,84.36,54.73,2,1
5.8,70.25,57.41,0,1,2,44.9,30.27,49.88,35.71,4,1
9.45,67.35,64.86,1,2,0,42.48,30.72,92.78,81.45,5,1
8.59,67.74,84.05,1,0,3,56.95,57.08,61.18,60.72,5,1
6.29,65.05,73.37,1,1,0,48.76,40.08,58.79,93.42,5,1
5.52,56.81,59.22,0,1,1,48.1,73.19,88.1,44.72,3,1
8.76,55.77,89.5,0,1,1,38.28,76.07,71.01,58.65,0,1
8.33,97.47,89.58,1,1,2,36.06,41.56,68.4,56.36,5,1
8.42,73.39,89.18,2,1,3,41.17,87.75,79.98,33.45,1,1
8.59,71.53,60.75,3,1,4,45.33,58.72,71.89,54.83,4,1
5.8,84.22,70.31,0,0,3,60.86,39.28,48.94,45.13,5,1
6.93,64.38,94.32,0,2,1,65.63,79.68,77.08,36.22,1,1
5.96,95.85,84.74,3,0,4,43.44,81.35,47.34,44.75,5,1
8.95,88.81,51.22,1,1,3,60.49,71.55,84.32,41.33,0,1
7.99,58.84,52.93,3,0,3,55.5,85.48,94.44,76.39,0,1
6.82,72.96,70.88,0,1,4,46.01,77.93,60.76,27.15,5,1
5.75,92.8,90.91,1,1,1,35.41,87.34,64.46,68.22,1,1
6.74,95.62,74.24,1,0,3,63.02,58.2,42.55,78.25,4,1
6.8,75.1,72.4,1,0,4,76.14,78.59,40.76,58.65,1,1
8.42,81.38,54.75,0,0,5,48.58,94.98,90.68,90.21,4,1
8.05,62.18,79.56,0,1,5,42.91,77.12,47.07,74.55,5,1
9.05,97.62,86.99,1,2,1,88.22,37.42,64.52,77.35,4,1
7.39,64.96,67.12,0,0,4,51.5,63.69,84.84,38.79,2,1
5.98,95.54,84.9,0,1,5,48.42,68.18,88.91,79.41,3,1
8.35,82.93,93.4,4,0,4,86.43,41.32,68.57,83.25,3,1
8.54,81.13,59.17,0,1,3,84.03,92.59,71.08,50.29,0,1
7.75,77.05,73.55,2,2,1,61.9,41.41,76.83,39.94,2,1
8.58,64.92,62.92,0,0,5,64.35,41.54,92.88,51.95,3,1
7.48,62.59,85.68,1,1,3,48.06,89.49,73.15,76.77,5,1
7.59,64.48,75.99,4,0,0,39.7,60.24,70.77,54.23,4,0
7.21,63.02,78.56,0,0,0,69.41,34.11,40.8,76.57,4,1
5.6,88.52,85.91,0,0,1,40.9,68.88,44.45,32.95,1,1
5.93,70.06,67.82,0,0,5,61.96,69.12,71.74,81.42,1,1
5.63,57.49,91.18,0,1,5,91.43,34.19,91.49,42.72,4,1
8.05,96.67,73.99,1,1,5,92.17,93.21,87.67,42.43,5,1
6.76,93.0,57.11,3,1,4,49.36,65.36,94.04,66.33,4,1
7.53,94.89,81.32,0,0,3,72.45,66.39,69.03,29.91,1,1
9.13,97.78,85.7,0,0,5,63.44,63.81,83.34,26.84,3,1
6.5,62.48,64.25,0,1,3,87.54,69.7,86.22,43.27,0,1
7.14,72.04,88.57,1,3,1,51.29,47.18,75.64,62.66,1,1
8.52,87.6,90.78,0,0,5,35.22,48.67,58.63,88.53,5,1
6.42,84.93,62.46,1,2,1,44.75,63.24,65.85,84.25,3,1
5.81,61.62,94.26,1,1,5,55.97,82.43,87.19,59.33,3,1
6.66,90.08,56.33,1,1,0,53.94,33.24,56.42,27.59,3,1
6.14,64.65,59.09,0,1,2,82.48,69.22,90.81,62.47,2,1
9.22,64.62,58.29,1,0,1,75.83,82.44,52.64,74.34,2,1
8.73,78.09,90.23,0,0,5,52.97,40.2,81.22,48.74,3,1
8.03,80.5,79.44,0,1,2,62.46,30.98,74.68,32.77,5,1
8.99,79.94,56.84,3,0,1,40.73,50.33,81.23,44.5,4,1
8.71,58.93,69.81,1,2,4,88.89,68.23,64.05,79.01,5,1
6.25,92.73,77.69,0,1,5,91.13,38.99,91.3,49.59,2,1
9.07,66.42,53.76,0,0,4,93.79,57.7,74.79,81.84,1,1
7.66,60.57,89.71,0,1,0,87.11,65.9,55.86,47.37,2,1
8.73,93.22,86.16,0,0,5,45.44,68.93,75.12,36.45,4,1
9.08,96.09,72.73,0,1,0,37.77,47.84,55.77,55.51,0,1
6.77,92.07,93.52,0,1,2,69.78,56.0,56.15,56.66,2,1
5.94,89.81,68.8,0,2,1,89.76,80.59,61.98,26.13,5,1
6.41,83.18,94.28,1,2,3,45.64,91.18,86.88,33.19,5,1
7.21,78.69,80.06,1,1,0,35.42,86.02,67.52,37.94,3,1
8.77,58.74,78.56,1,1,3,83.33,66.68,77.34,32.95,3,1
8.94,72.56,57.47,0,2,3,39.61,56.67,61.56,48.91,3,1
5.53,71.03,89.69,4,0,1,59.82,51.64,54.5,92.52,0,0
7.54,66.17,69.24,2,0,2,75.73,38.12,92.51,60.65,4,1
7.17,86.11,57.3,2,0,1,49.21,36.93,73.2,68.93,1,1
6.39,76.32,50.57,2,0,5,40.04,74.74,91.37,49.95,5,1
5.98,58.48,75.19,3,1,0,81.2,46.89,51.19,47.64,5,0
6.85,64.47,73.73,0,1,3,72.81,46.55,48.08,26.62,4,1
9.27,84.38,82.37,0,1,1,94.31,94.88,87.07,60.02,0,1
6.79,58.27,90.06,1,0,1,55.66,42.22,77.45,58.85,3,1
7.58,91.6,53.57,1,1,1,38.71,39.62,50.26,36.05,4,1
8.31,76.29,82.92,1,0,0,79.06,36.41,54.81,78.5,1,1
6.95,75.67,58.43,0,1,2,66.3,67.69,84.04,59.49,3,1
9.39,80.47,88.62,0,1,1,47.79,70.81,64.96,48.73,1,1
9.35,90.46,86.86,0,0,0,81.9,53.74,76.88,35.28,2,1
6.51,69.96,74.34,3,0,3,47.23,64.8,57.51,63.65,1,0
7.49,84.15,81.96,1,0,5,50.64,81.25,60.97,77.7,3,1
6.7,79.33,64.15,0,2,4,40.55,83.18,94.49,44.74,2,1
6.64,66.48,71.2,0,2,0,58.97,92.26,53.62,40.32,3,1
5.65,92.78,86.97,0,1,4,60.14,83.58,67.86,61.54,5,1
7.94,89.29,70.67,3,0,1,65.87,66.71,86.44,35.87,3,1
7.51,83.31,66.1,1,1,1,77.54,41.68,53.16,71.66,2,1
5.71,91.58,72.24,2,1,0,89.37,36.48,62.84,67.37,1,1
6.61,92.29,87.27,0,2,4,43.26,33.54,73.83,31.1,5,1
9.13,85.46,65.08,1,0,1,38.26,73.32,66.47,27.56,0,1
6.46,90.99,57.82,0,0,3,36.11,82.49,65.27,68.42,0,1
6.08,84.99,82.04,1,1,2,43.62,63.06,59.94,45.6,0,1
7.46,84.25,87.17,0,1,2,74.48,33.56,72.27,31.05,0,1
9.44,81.6,54.53,0,0,1,78.65,64.81,74.34,78.16,4,1
6.47,87.37,60.79,1,0,4,82.19,90.82,75.93,46.98,0,1
8.19,61.82,56.39,3,1,5,49.62,68.84,43.87,57.17,2,1
8.55,92.88,65.66,0,2,1,53.35,82.61,74.71,41.58,0,1
6.45,92.49,70.27,2,3,5,63.99,82.01,92.43,68.91,3,1
8.41,56.26,83.7,0,1,5,38.79,90.59,69.75,46.1,0,1
6.97,90.51,79.3,0,1,4,71.67,80.06,79.34,92.76,1,1
8.03,60.54,77.94,0,0,5,94.02,78.6,70.62,74.21,2,1
8.03,69.41,65.86,0,1,3,56.65,45.22,87.01,34.57,2,1
7.64,86.97,87.87,0,1,4,80.17,33.9,91.13,54.17,5,1
5.86,61.91,71.21,0,1,1,65.0,63.64,50.13,51.98,4,1
8.84,90.17,94.06,0,1,3,42.67,38.09,64.03,62.4,3,1
6.78,90.78,78.54,3,0,0,69.93,92.54,61.58,83.94,2,1
6.25,76.82,55.68,0,0,2,52.99,48.85,62.29,65.84,1,1
5.66,55.27,80.43,2,0,1,37.06,85.44,46.9,29.31,0,0
7.86,67.34,64.63,0,0,1,73.1,55.2,84.75,70.88,2,1
8.21,81.53,80.88,1,0,1,86.54,51.01,41.97,25.58,1,1
5.57,97.19,53.13,0,3,3,55.69,90.79,69.05,79.6,0,1
7.55,82.17,57.87,0,1,0,58.42,53.62,76.4,71.66,4,1
6.41,66.17,88.51,0,1,4,88.46,55.37,51.41,46.61,2,1
8.08,82.26,60.22,0,2,0,83.82,36.9,89.82,45.47,2,1
6.2,78.22,87.67,0,3,3,77.9,73.58,86.12,80.88,1,1
8.26,88.53,62.57,1,1,1,49.93,48.77,65.91,79.83,5,1
7.05,59.6,78.93,3,2,2,89.61,68.06,62.61,49.66,3,1
9.25,87.72,81.24,2,0,1,44.26,68.44,53.01,45.93,4,1
6.05,78.27,73.07,1,0,4,72.61,76.75,80.15,64.19,3,1
6.86,96.41,63.74,0,1,5,36.73,78.44,47.25,25.59,2,1
5.95,69.7,59.57,0,1,2,73.62,63.44,77.41,30.79,3,1
9.2,82.2,51.49,0,1,1,51.63,51.51,86.34,33.83,0,1
9.01,95.08,63.68,0,0,2,61.98,84.43,52.57,37.98,4,1
6.53,59.41,79.39,0,0,5,55.72,50.14,87.65,60.84,3,1
8.14,95.3,92.22,0,1,0,45.37,62.99,41.83,94.46,0,1
8.77,84.58,89.2,0,0,3,72.32,56.08,90.2,70.68,1,1
7.72,57.92,84.47,0,1,1,87.92,85.58,46.51,29.29,3,1
7.62,67.94,85.48,2,1,4,92.55,58.07,75.52,61.79,4,1
6.47,85.45,79.92,2,1,0,46.54,55.1,53.75,59.77,0,1
5.87,57.9,61.71,0,2,1,78.04,74.84,86.01,35.09,3,1
9.09,80.03,90.82,3,2,0,74.86,69.16,68.18,89.42,1,1
9.1,69.87,80.18,4,1,4,55.6,36.97,47.44,55.85,3,1
8.03,81.7,75.22,0,1,1,36.15,63.03,71.4,94.62,0,1
6.86,56.97,54.99,0,1,5,76.39,77.81,62.43,54.41,3,1
6.9,92.48,70.12,0,0,5,91.73,94.48,76.38,67.56,4,1
8.4,96.86,70.72,3,0,4,72.93,70.89,88.5,32.33,2,1
9.09,96.66,88.91,3,0,2,61.12,54.07,62.52,56.8,0,1
9.05,87.24,74.6,0,1,4,66.51,44.7,55.94,41.71,0,1
8.62,60.59,67.12,0,1,2,46.98,86.73,40.8,83.49,0,1
8.07,87.61,93.96,1,2,1,80.03,82.95,71.62,79.87,0,1
5.84,56.06,54.98,0,0,2,79.79,45.2,62.13,82.69,3,1
6.15,55.95,69.01,0,0,1,43.73,43.04,60.61,75.65,4,1
9.09,68.92,51.89,2,3,1,87.68,76.48,50.06,83.29,1,1
7.93,76.01,83.3,1,0,3,51.15,50.47,63.65,39.06,4,1
5.54,88.13,91.31,2,1,1,93.94,49.92,94.14,56.64,0,1
5.91,84.38,62.6,2,1,2,57.97,39.9,56.38,73.43,5,1
8.15,74.17,88.63,1,1,3,45.67,47.16,72.98,69.62,3,1
5.52,66.77,63.15,0,0,3,56.1,57.79,82.71,75.14,5,1
6.14,97.88,90.98,1,0,1,61.41,77.63,81.2,40.7,3,1
7.69,73.33,83.93,0,0,4,39.16,51.86,58.08,31.89,0,1
8.27,74.41,86.22,1,1,4,69.69,51.36,73.6,89.18,3,1
8.11,62.04,50.81,0,1,5,70.86,48.52,87.92,64.21,0,1
6.4,89.18,93.33,1,0,3,79.34,61.09,40.85,35.77,4,1
8.35,84.83,82.7,0,1,1,36.75,41.74,63.97,80.54,2,1
6.45,64.49,63.71,0,2,4,67.47,61.57,52.34,89.05,3,1
6.8,58.54,87.32,0,0,1,38.17,75.77,61.37,36.87,0,1
8.49,84.26,62.67,0,1,1,77.07,31.94,62.88,82.22,5,1
8.1,83.14,89.27,1,1,3,38.34,30.64,81.07,90.33,0,1
8.9,66.75,55.07,1,0,5,89.7,34.88,45.16,90.69,5,1
8.13,95.89,81.67,0,0,3,77.12,64.82,68.19,88.99,3,1
7.77,61.5,74.33,0,1,0,65.44,85.54,71.03,63.25,1,1
5.87,73.59,54.34,0,2,4,61.49,30.32,67.18,49.93,5,1
6.97,95.58,60.89,0,2,4,42.84,90.88,80.25,25.51,0,1
6.56,73.05,50.56,0,1,4,52.46,36.91,61.11,29.26,3,1
6.48,82.46,71.09,3,1,2,87.14,84.73,91.97,55.02,0,1
9.39,72.1,63.56,0,1,1,89.27,61.39,66.5,52.95,1,1
7.07,66.79,76.93,0,1,3,35.04,72.86,71.42,37.93,2,1
9.07,97.31,63.38,0,1,4,70.65,63.19,85.4,52.68,1,1
8.02,72.6,63.5,0,0,0,78.16,61.01,55.14,37.23,4,1
8.68,93.45,83.44,0,1,4,72.12,84.27,44.14,84.42,3,1
7.51,64.89,52.17,1,1,5,39.9,79.13,78.93,45.87,1,1
7.81,64.16,90.63,0,1,1,48.06,61.42,66.57,66.9,2,1
7.47,56.34,88.35,0,2,1,50.02,37.26,89.31,60.2,0,1
6.28,83.02,80.05,0,0,3,84.9,37.5,94.05,28.63,3,1
8.39,70.85,76.69,0,0,2,62.79,82.1,61.95,90.96,5,1
6.62,92.17,90.15,0,0,3,64.21,64.41,62.85,61.91,1,1
5.6,75.35,58.34,4,2,4,91.09,61.3,62.44,47.75,2,1
8.08,96.63,53.55,1,1,5,73.23,74.24,57.85,36.07,1,1
6.21,62.98,60.78,1,0,0,88.92,85.82,82.99,48.7,4,1
9.26,92.35,85.76,0,1,3,62.39,70.88,81.74,26.44,3,1
9.32,88.39,51.56,0,1,2,43.97,79.59,66.33,50.45,0,1
9.16,88.15,76.23,0,2,3,90.8,79.74,42.46,62.2,2,1
6.98,91.33,94.79,1,1,1,62.52,53.16,57.03,86.03,1,1
5.56,87.72,88.51,1,1,4,45.9,47.82,56.08,73.12,3,1
9.21,81.93,73.47,0,2,4,53.14,82.08,84.61,32.81,1,1
7.21,60.64,52.86,0,0,4,38.05,54.52,44.82,35.34,3,1
9.37,56.4,87.41,0,0,4,63.1,88.72,84.31,54.97,4,1
9.35,94.6,76.95,3,1,4,86.19,34.53,76.81,38.7,1,1
8.91,81.52,55.17,1,3,4,91.01,33.78,80.28,26.95,4,1
6.68,89.25,54.22,0,1,0,90.96,90.26,63.77,81.35,5,1
7.04,75.71,90.93,0,0,2,42.51,72.15,77.38,26.37,5,1
8.9,60.04,80.11,1,0,4,57.92,54.67,73.5,83.15,2,1
6.77,60.38,87.32,0,1,2,36.69,79.08,82.29,35.09,4,1
6.18,84.48,89.55,0,0,5,86.31,73.7,64.57,93.23,3,1
7.73,73.5,75.73,0,1,4,56.53,64.53,66.01,67.27,2,1
9.24,63.62,73.29,1,3,3,72.87,36.43,75.4,76.45,1,1
8.28,76.14,69.37,0,1,4,77.89,82.79,45.94,32.73,1,1
7.78,57.76,64.26,0,1,1,60.79,86.29,63.99,85.35,3,1
5.89,80.02,69.56,3,1,0,53.39,41.19,93.46,83.74,0,1
7.96,66.57,84.82,0,0,3,92.73,85.28,42.07,70.71,0,1
9.46,89.3,77.09,0,2,3,92.87,87.06,57.38,60.16,1,1
6.06,68.35,90.16,0,1,1,52.37,65.71,57.28,75.5,3,1
7.57,74.57,69.95,0,1,4,63.78,72.65,74.84,25.41,0,1
9.01,55.5,77.32,2,1,0,93.37,54.85,45.82,66.47,4,1
8.46,58.12,78.41,0,1,3,35.29,48.32,74.57,84.32,1,1
8.29,71.88,76.63,0,1,0,59.76,76.93,45.23,49.98,5,1
8.31,75.64,81.62,1,0,3,41.03,86.02,45.22,32.58,4,1
6.94,80.8,60.68,1,2,4,65.55,72.52,80.05,54.46,3,1
6.67,67.54,73.06,1,2,5,36.48,63.25,57.83,75.9,5,1
8.74,84.88,54.69,0,1,3,59.41,40.33,93.76,32.51,4,1
8.74,91.99,67.3,0,3,5,48.24,33.47,42.05,39.42,0,1
8.97,88.53,71.95,1,0,3,67.0,58.97,64.48,35.33,0,1
9.15,56.7,79.35,0,1,2,94.76,33.21,46.22,80.79,5,1
7.55,75.66,92.77,2,1,4,83.03,67.01,59.33,29.4,2,1
7.51,59.51,77.03,2,1,1,85.74,54.88,94.9,73.06,1,1
8.69,65.41,83.46,2,1,5,73.12,79.22,88.89,50.65,5,1
8.1,97.43,72.78,0,0,1,37.49,49.87,42.66,77.91,3,1
8.31,61.13,78.53,0,0,4,47.41,68.54,70.98,92.51,1,1
8.68,76.45,53.19,2,1,1,90.5,64.95,75.63,33.02,4,1
9.06,81.58,61.45,0,0,4,56.97,30.31,51.52,47.01,3,1
6.85,85.21,66.28,0,1,1,41.22,34.71,47.98,81.71,3,1
7.0,79.06,71.26,2,0,5,77.14,48.87,89.74,43.63,0,1
5.88,55.42,52.05,3,0,2,52.97,87.35,93.28,40.06,4,0
7.81,69.04,56.3,0,1,1,51.13,39.56,94.55,82.78,0,1
5.64,77.26,62.46,0,1,5,94.88,76.21,83.44,94.1,0,1
7.36,58.78,93.72,0,2,3,86.49,93.27,76.49,63.98,2,1
7.67,70.08,64.91,2,1,4,59.48,81.39,59.02,44.46,0,1
6.65,56.43,71.69,3,0,0,93.82,45.79,49.43,52.9,1,1
7.86,58.38,58.82,0,2,0,74.01,89.04,44.34,36.91,3,1
5.62,72.07,77.49,0,1,4,79.52,36.05,78.13,78.33,0,1
5.65,60.71,62.63,3,0,2,36.89,60.43,83.16,79.14,5,1
8.79,79.4,59.31,0,1,1,42.3,87.69,85.45,86.26,1,1
6.94,84.65,73.25,0,2,2,72.99,71.68,90.26,26.86,4,1
6.01,89.43,50.25,4,1,0,88.94,56.89,88.4,64.34,3,1
7.59,63.61,50.34,0,0,5,72.42,49.03,94.99,40.0,5,1
8.58,62.2,59.86,1,0,4,43.04,54.38,53.42,48.86,5,1
6.36,59.5,51.65,0,0,4,41.95,63.08,81.98,79.95,4,1
7.99,82.37,54.86,0,1,2,85.65,50.74,72.26,38.44,5,1
5.84,85.38,65.25,2,1,5,43.36,92.98,54.37,69.68,1,1
5.71,56.36,86.12,0,0,2,66.21,90.65,94.0,70.82,4,1
7.63,95.26,75.74,4,2,1,37.23,86.59,89.38,91.79,5,1
7.66,57.23,73.07,1,2,3,39.84,57.42,47.07,79.26,4,1
8.05,78.28,63.21,0,1,5,75.34,74.93,41.44,81.25,4,1
8.4,85.49,91.93,0,2,3,76.35,88.68,77.86,62.21,0,1
9.4,92.45,67.87,0,0,1,55.49,85.28,73.23,38.07,0,1
7.57,85.71,53.92,0,1,3,47.94,56.93,91.47,54.79,0,1
6.79,89.47,77.77,0,1,0,83.82,37.31,52.87,63.46,5,1
8.68,69.6,55.12,0,2,3,48.03,34.92,44.64,72.49,3,1
6.58,90.04,65.54,0,2,1,67.52,67.51,54.26,67.54,1,1
7.26,58.44,72.83,1,0,3,93.09,71.77,41.04,52.58,5,1
5.81,93.48,89.34,1,2,4,43.87,85.24,41.97,43.57,0,1
5.6,78.55,72.21,1,0,2,91.45,49.01,90.32,36.78,4,1
9.35,90.14,81.6,0,2,0,45.97,40.89,59.36,73.57,5,1
8.84,74.45,94.68,0,3,4,69.05,54.64,62.59,70.18,4,1
8.28,82.67,55.92,1,0,4,57.62,52.98,41.01,73.12,4,1
7.14,77.64,62.36,0,1,1,92.9,38.61,54.88,51.08,4,1
6.19,86.46,67.76,0,0,2,51.41,73.7,84.26,43.37,2,1
6.13,58.51,68.98,2,1,2,58.98,63.06,73.85,78.18,3,1
6.5,57.6,68.5,2,1,5,93.97,76.87,81.46,79.16,1,1
7.7,65.63,90.84,0,1,0,67.19,52.92,64.6,56.89,1,1
8.36,61.86,82.13,0,2,1,65.16,51.17,57.04,67.83,0,1
8.14,92.49,77.36,2,1,0,50.47,60.72,66.55,51.15,2,1
6.62,64.43,63.92,1,1,5,77.08,87.03,57.77,74.14,5,1
9.32,96.96,87.07,2,2,3,35.86,32.62,86.14,83.5,5,1
8.45,69.49,92.98,2,3,4,37.97,82.31,56.37,73.18,1,1
7.72,62.83,86.95,2,0,0,70.96,53.98,76.29,60.88,3,1
7.95,88.96,50.07,0,3,4,55.5,85.55,47.53,57.11,4,1
7.18,83.32,78.64,0,0,1,92.2,82.14,77.78,69.96,0,1
6.49,76.42,52.3,1,2,3,89.19,52.67,90.23,72.59,3,1
6.92,78.88,61.59,1,0,1,77.82,75.1,73.47,64.11,1,1
8.53,85.93,52.68,1,0,3,84.09,40.38,70.79,68.75,2,1
5.56,64.82,77.17,0,1,3,75.04,88.26,92.86,31.76,0,1
5.96,97.84,80.9,0,1,4,42.53,56.29,74.51,91.62,1,1
5.68,96.92,55.15,3,1,1,80.93,59.62,54.28,80.35,5,1
5.66,82.96,67.27,1,0,1,47.61,75.87,56.08,51.17,0,1
8.92,63.58,70.53,3,1,0,54.41,83.35,78.79,64.4,1,1
8.31,84.25,66.61,2,2,1,84.15,45.36,80.45,28.31,5,1
7.4,58.1,55.45,1,1,0,67.19,72.99,56.69,27.89,5,1
5.89,56.32,68.85,1,0,2,86.6,55.48,58.99,42.56,4,1
7.47,66.08,83.8,3,1,2,47.78,53.97,94.51,73.28,2,1
7.39,74.89,53.2,1,0,2,71.47,74.85,45.61,84.65,4,1
6.19,92.34,53.61,1,2,5,40.03,55.17,62.26,64.14,1,1
7.24,86.27,65.96,0,2,1,73.58,52.5,43.43,62.25,3,1
7.09,86.94,92.38,0,1,5,80.75,84.33,85.16,53.16,4,1
7.96,73.3,80.09,1,1,1,70.1,36.58,45.08,36.31,3,1
8.04,69.88,80.54,0,2,0,50.97,73.93,77.07,33.28,5,1
5.68,70.95,66.29,0,1,5,36.88,46.17,43.11,78.25,1,1
7.0,97.47,76.71,0,2,5,42.17,31.01,77.01,89.93,2,1
8.0,56.72,50.46,0,1,5,72.34,40.84,86.37,57.08,3,1
7.51,92.28,78.62,0,2,3,91.07,69.43,61.94,71.16,1,1
8.93,79.88,91.1,0,1,0,47.39,76.09,68.72,89.01,3,1
8.13,73.86,77.57,3,1,2,79.1,31.37,62.08,31.31,4,1
6.15,86.19,89.32,0,3,0,86.99,32.37,56.53,78.93,1,1
5.78,75.93,82.58,0,1,3,66.25,88.67,84.18,68.18,4,1
8.07,92.56,55.43,0,1,1,75.16,34.76,54.96,66.9,0,1
5.61,93.73,90.61,1,0,0,83.9,88.12,79.76,45.48,1,1
7.84,73.13,52.99,0,1,5,50.64,44.83,51.34,72.87,3,1
9.26,66.9,74.03,2,1,2,52.81,78.1,53.74,80.64,0,1
7.8,80.47,56.4,1,0,2,35.04,50.13,58.51,32.9,4,1
7.05,94.23,50.53,2,0,1,92.79,85.82,72.4,62.35,4,1
8.07,64.06,68.99,0,1,0,90.05,75.53,64.99,32.09,3,1
7.33,81.79,63.28,1,2,3,80.87,56.12,80.98,86.08,0,1
7.68,82.16,71.87,0,1,1,39.74,34.96,51.75,60.53,5,1
9.27,86.52,75.97,3,0,0,61.85,77.63,40.59,81.56,2,1
7.04,60.66,51.97,1,1,4,41.11,70.1,82.71,50.77,3,1
9.34,85.78,55.54,0,0,2,35.96,30.19,85.19,33.76,4,1
9.12,94.09,75.14,0,1,3,71.97,30.61,43.27,27.9,1,1
6.28,62.73,65.44,0,0,5,92.65,82.57,73.6,44.71,0,1
5.78,65.21,82.81,1,0,3,89.17,46.86,60.8,42.1,5,1
5.9,96.77,79.35,0,0,5,76.81,71.35,83.66,64.22,2,1
5.57,62.78,88.05,1,1,3,40.8,59.52,88.09,26.52,1,1
5.88,91.74,81.16,0,0,2,51.45,86.12,86.81,61.44,0,1
8.23,76.17,69.35,1,1,5,54.2,89.6,82.75,52.42,5,1
5.78,65.63,80.28,2,1,0,80.79,94.79,54.8,65.4,3,1
6.78,92.44,62.39,2,1,5,83.13,39.99,84.65,74.17,5,1
8.88,74.15,63.78,2,1,1,58.11,86.09,69.34,69.39,3,1
5.59,77.14,85.5,0,2,0,60.07,47.29,42.9,93.93,0,1
8.76,70.45,70.09,0,0,1,37.67,68.4,65.13,34.68,5,1
6.63,80.5,85.93,1,1,3,52.35,62.88,91.82,55.08,2,1
5.97,62.03,87.01,0,0,0,62.08,31.17,88.83,54.74,5,1
8.29,71.82,88.59,0,0,3,42.02,90.63,45.62,54.19,0,1
8.02,96.68,91.25,0,1,4,62.2,35.09,80.93,71.47,1,1
9.01,66.1,69.39,0,1,3,86.19,74.73,84.32,59.29,1,1
8.44,83.24,64.35,0,2,3,69.88,81.03,54.93,61.22,5,1
8.71,68.98,76.2,3,1,1,39.74,81.69,65.94,55.26,5,1
6.63,88.26,66.7,0,3,5,46.5,38.81,79.1,94.42,3,1
6.21,60.63,77.05,1,0,4,63.47,59.09,64.15,89.93,0,1
8.5,96.7,81.75,0,0,3,56.69,83.91,46.2,46.54,3,1
8.73,74.51,80.98,1,0,3,56.52,49.67,78.82,32.81,2,1
9.46,65.15,66.85,0,0,4,66.76,60.4,90.14,83.78,1,1
7.15,58.16,57.51,3,1,4,70.06,47.73,75.89,94.8,4,1
6.99,62.3,69.37,3,1,0,82.81,60.13,82.56,45.48,4,1
8.61,77.35,56.42,0,0,1,55.46,87.71,59.71,50.04,0,1
6.86,69.49,90.05,3,2,4,83.33,59.58,50.08,90.91,0,1
9.22,90.64,65.56,4,2,4,55.32,66.13,75.35,74.78,4,1
8.93,73.53,56.95,2,0,2,38.33,56.26,58.03,45.69,0,1
7.22,65.69,51.15,2,0,5,68.25,59.91,87.3,65.67,1,1
8.5,81.54,79.06,0,0,4,70.27,30.99,46.74,91.1,2,1
8.52,85.39,78.66,1,0,1,91.07,48.44,63.84,81.83,2,1
5.91,62.18,65.33,0,0,5,78.56,58.38,61.82,76.93,3,1
9.11,62.21,53.23,0,1,5,90.07,71.2,91.59,76.59,1,1
7.52,56.58,68.43,4,0,3,89.5,59.25,48.42,37.46,0,1
8.81,86.67,64.0,0,1,3,71.27,51.96,40.54,82.73,0,1
6.78,83.54,80.47,1,3,3,66.67,55.23,53.09,44.33,3,1
9.08,75.41,77.26,2,1,3,68.45,45.75,85.12,90.13,3,1
7.06,91.3,66.41,2,2,2,93.7,90.09,51.51,50.52,0,1
5.54,89.64,59.81,4,0,4,81.39,63.91,53.25,85.04,0,1
9.12,80.17,94.46,0,1,3,41.38,30.87,47.14,43.64,1,1
5.87,92.34,70.43,0,1,0,81.71,31.26,79.35,61.02,3,1
6.78,63.85,80.97,0,0,3,45.23,93.24,43.8,32.48,1,1
9.3,59.81,56.32,0,0,4,61.84,44.39,58.22,71.21,5,1
9.3,66.6,71.85,0,1,3,47.63,82.36,55.54,83.53,0,1
7.79,57.45,51.24,0,1,2,76.37,33.79,70.53,75.29,4,1
8.03,77.84,72.75,2,1,1,87.64,89.88,80.17,61.63,4,1
7.29,95.27,93.38,1,1,1,52.42,86.84,69.31,28.16,5,1
6.67,56.69,67.29,0,1,4,39.92,67.12,91.21,90.34,0,1
6.81,60.25,51.75,1,0,1,52.91,30.58,92.33,74.38,3,1
8.19,74.44,51.39,0,0,1,75.34,46.76,59.88,77.21,4,1
8.51,95.16,67.46,0,0,0,54.73,56.44,82.77,80.63,3,1
8.67,68.59,57.2,2,0,4,51.69,59.9,80.63,77.34,4,1
8.66,76.81,51.05,1,3,4,46.07,49.35,89.11,55.88,3,1
5.86,56.79,84.03,2,1,1,64.85,32.14,64.64,76.35,4,1
7.48,61.38,70.63,0,1,1,51.56,68.36,69.18,68.75,3,1
5.73,97.43,63.02,2,0,1,78.86,64.07,62.87,84.78,5,1
7.7,96.5,90.5,1,1,5,39.6,48.4,86.77,81.17,1,1
7.27,55.21,55.23,1,0,2,74.84,32.47,52.63,27.9,3,1
9.05,95.93,93.02,1,0,3,49.25,94.65,53.18,51.52,1,1
6.9,82.48,64.13,2,0,2,64.36,61.33,60.49,27.43,1,1
5.97,92.32,89.98,1,2,4,52.17,79.14,52.67,32.15,0,1
6.07,74.55,77.13,1,1,0,78.37,59.4,70.86,67.1,5,1
8.55,77.17,87.2,4,1,3,91.72,32.81,47.4,86.17,1,1
7.97,76.02,94.28,2,1,0,90.02,50.12,57.61,33.39,2,1
5.9,83.68,62.98,0,2,5,70.01,50.81,90.24,56.58,1,1
5.84,61.01,93.25,1,0,4,62.76,84.49,62.51,88.76,3,1
8.3,56.29,67.53,0,0,5,84.1,72.52,81.15,82.0,1,1
5.79,68.24,67.35,0,0,4,76.0,47.9,46.24,61.38,3,1
8.79,85.3,65.32,1,2,0,46.01,92.9,53.62,79.01,3,1
8.32,63.68,74.36,3,3,0,84.26,50.9,84.4,61.59,2,1
5.83,83.96,56.94,3,0,0,60.73,94.89,81.96,36.07,1,0
5.84,96.71,74.92,0,2,4,46.34,94.75,61.24,33.73,1,1
9.45,59.04,74.38,0,2,1,51.91,42.43,92.49,38.19,4,1
7.0,83.92,84.29,0,0,0,51.05,50.33,90.09,49.56,4,1
6.98,74.08,87.51,4,1,5,66.15,61.59,92.93,90.14,0,1
8.75,92.33,69.82,4,1,3,49.06,73.17,63.54,80.98,3,1
9.29,62.62,63.6,1,3,4,42.41,64.32,50.86,55.3,2,1
9.44,84.78,61.67,2,0,5,42.42,93.01,74.47,59.52,4,1
8.51,91.04,58.76,1,2,2,70.0,77.06,77.66,43.59,1,1
7.01,95.62,52.59,1,0,2,79.09,43.78,46.9,74.3,0,1
5.83,84.38,65.41,0,1,3,54.29,36.83,83.26,81.19,2,1
8.61,76.38,62.16,0,1,1,37.08,74.75,40.99,41.72,5,1
7.73,81.57,93.49,1,1,0,42.63,40.3,66.55,27.93,1,1
7.2,92.36,75.1,1,2,4,89.88,81.2,58.21,68.67,1,1
9.13,79.54,65.63,0,2,5,64.61,50.22,80.72,64.38,5,1
5.94,56.31,76.12,3,2,0,62.21,51.25,57.2,53.15,3,1
7.47,95.03,56.26,0,0,5,37.28,30.7,85.47,70.07,3,1
5.55,84.65,69.98,0,1,4,78.72,75.57,72.72,63.54,4,1
7.37,84.09,78.18,1,0,2,66.68,37.36,83.66,42.54,4,1
5.73,64.27,72.0,1,1,0,47.12,80.24,94.41,52.84,1,1
5.98,83.33,68.08,1,1,3,41.6,61.97,77.35,54.97,1,1
5.97,71.94,94.72,0,1,1,58.0,80.98,94.17,86.62,4,1
8.1,83.0,89.61,0,1,3,85.23,67.96,41.59,92.26,5,1
8.48,59.58,78.05,1,3,1,86.92,35.36,58.6,87.51,4,1
7.83,83.29,75.62,1,0,5,71.17,79.77,45.93,75.34,1,1
9.35,97.97,77.93,0,1,0,78.65,34.54,54.43,65.95,2,1
7.0,57.07,59.06,1,1,0,41.91,61.12,86.14,73.25,1,1
6.64,97.02,67.78,0,0,1,70.29,41.2,41.78,90.74,2,1
8.97,72.5,51.78,1,0,2,75.02,78.9,68.61,42.5,2,1
6.39,92.44,71.4,2,2,4,47.04,89.25,71.19,62.46,1,1
9.35,88.64,74.44,0,2,3,87.81,66.02,70.86,73.27,0,1
5.55,79.38,60.25,0,2,5,46.7,64.26,66.14,72.55,4,1
9.38,86.75,93.38,2,3,3,53.81,79.66,83.48,42.66,3,1
5.67,92.78,90.93,1,0,3,72.23,30.33,47.34,66.07,1,0
9.06,72.38,82.5,1,1,5,73.3,89.65,57.08,80.71,2,1
7.61,69.06,74.0,2,1,5,76.96,42.83,73.86,58.26,1,1
9.47,83.71,89.15,2,1,0,41.72,93.97,78.0,80.53,4,1
5.8,89.74,55.88,4,1,3,85.97,77.86,62.23,50.19,5,1
7.72,87.78,85.57,0,1,4,66.97,80.33,88.15,90.71,2,1
9.38,89.31,55.62,0,1,4,63.28,72.65,62.85,62.37,3,1
7.59,73.73,85.74,0,1,1,93.87,60.66,62.15,66.72,3,1
8.02,90.17,62.41,0,0,5,79.42,67.16,41.99,27.2,3,1
8.28,60.17,89.47,1,1,0,42.08,33.02,70.31,36.92,5,1
7.32,78.41,92.48,0,1,4,80.39,70.56,78.98,69.31,0,1
8.01,55.25,56.7,3,1,2,40.71,70.7,46.29,54.39,2,1
7.84,68.96,70.82,1,0,0,36.65,87.93,56.8,60.57,5,1
9.1,70.76,94.14,1,1,0,59.22,62.87,82.97,29.41,2,1
5.68,72.04,71.75,0,0,4,94.61,35.01,60.13,83.39,5,1
6.62,84.91,88.86,0,1,2,45.49,49.9,53.29,79.92,5,1
9.3,71.71,76.49,0,2,1,75.36,72.62,76.97,37.97,0,1
9.06,74.29,66.89,0,1,4,45.4,45.55,50.82,69.4,2,1
7.32,65.21,62.86,0,0,2,78.49,48.23,89.26,82.28,5,1
7.98,71.05,59.15,1,1,0,65.32,83.33,45.81,69.86,0,1
6.61,64.77,84.28,3,1,2,75.8,67.98,78.86,46.73,1,0
6.25,58.15,67.39,3,2,0,47.17,63.05,67.48,70.93,4,1
7.35,80.95,73.01,1,1,4,79.74,50.7,87.85,39.73,5,1
6.91,83.73,72.15,0,1,5,94.74,77.51,46.94,47.28,3,1
7.83,81.64,75.98,2,1,4,74.94,48.7,77.28,41.8,0,1
5.81,74.93,88.95,3,0,3,64.61,77.91,71.46,63.98,0,0
9.4,71.33,94.13,0,0,3,90.39,34.56,66.4,32.58,5,1
9.44,92.12,68.34,1,1,3,35.95,86.2,67.03,90.33,0,1
8.29,77.32,87.24,0,1,4,78.8,62.47,79.71,48.35,1,1
7.64,75.6,84.4,2,1,1,88.32,58.5,91.58,40.33,0,1
6.74,56.1,75.81,4,0,4,38.7,69.72,45.02,59.76,4,1
8.76,69.67,93.02,0,0,5,62.0,70.57,41.07,44.39,4,1
8.24,71.35,59.02,3,1,2,47.28,38.58,84.31,62.44,3,1
6.15,72.15,54.92,1,0,4,68.99,79.16,45.95,49.4,1,1
9.14,79.95,88.43,4,1,4,73.97,47.94,94.27,34.24,4,1
8.79,77.94,69.76,0,0,0,53.16,88.82,74.06,43.61,5,1
9.3,81.14,88.11,2,1,0,62.6,83.16,75.8,55.69,2,1
8.4,87.89,90.19,0,2,0,51.76,52.51,50.94,27.12,2,1
7.95,89.96,52.81,0,0,4,57.16,82.5,53.22,78.94,2,1
7.17,85.88,89.76,0,1,1,44.57,53.17,76.26,68.53,5,1
9.23,96.09,70.17,4,0,2,88.13,36.56,90.03,67.1,0,1
8.96,55.78,72.97,2,1,2,35.6,92.52,94.03,63.22,5,1
5.68,63.42,78.2,2,1,5,87.94,72.42,50.89,66.32,0,1
5.61,55.33,91.69,3,1,1,69.3,59.65,47.38,90.43,2,1
7.01,82.84,50.86,0,1,1,54.9,55.86,43.1,25.6,3,1
8.74,93.62,71.46,0,2,2,78.38,51.11,87.76,28.35,3,1
9.45,65.47,80.95,0,0,3,65.47,93.79,56.21,38.4,0,1
6.1,94.86,82.52,0,0,0,64.95,38.76,40.1,36.71,2,1
7.88,57.59,81.16,0,2,0,41.61,50.46,52.31,37.68,5,1
7.02,95.18,56.05,0,1,2,58.37,61.56,58.72,72.04,3,1
9.38,70.12,63.47,0,2,1,49.46,61.07,94.5,57.16,0,1
8.87,59.36,66.14,0,1,5,35.94,60.64,68.79,94.42,5,1
8.85,75.89,86.2,0,2,3,56.61,41.43,51.26,40.88,2,1
7.37,66.04,62.54,0,1,2,40.39,39.42,58.42,46.76,1,1
7.16,67.25,59.48,4,1,0,50.41,46.56,58.17,93.9,2,1
6.59,68.21,93.09,2,2,4,40.55,89.44,41.08,83.22,2,1
5.73,89.53,50.4,4,1,1,41.06,37.35,47.44,57.89,5,0
8.96,78.18,94.9,0,0,4,46.94,79.23,78.24,63.82,5,1
8.75,68.39,80.46,0,0,5,94.99,79.24,46.61,84.02,4,1
9.5,81.24,87.28,2,0,2,35.13,82.64,52.69,58.67,4,1
9.49,85.79,63.26,0,0,0,73.32,87.63,59.29,39.42,5,1
7.72,66.72,50.64,0,0,3,43.47,47.1,81.68,82.99,5,1
8.58,72.78,83.2,0,1,4,90.24,44.6,72.03,62.64,1,1
9.28,60.24,87.54,0,1,3,40.62,60.26,77.89,35.71,1,1
8.9,62.79,83.32,0,1,5,92.3,47.23,71.19,60.39,2,1
6.49,84.29,56.43,0,1,0,71.66,77.73,77.6,53.92,3,1
7.3,62.8,83.9,1,0,4,35.08,71.34,40.16,86.38,1,1
6.02,77.58,84.6,0,0,5,88.64,86.87,91.2,33.82,2,1
9.32,85.49,79.63,0,0,3,66.3,35.38,46.1,86.26,0,1
7.92,59.6,84.48,2,1,3,50.76,89.48,62.34,60.85,4,1
6.41,79.39,88.07,0,0,4,81.04,49.07,82.41,53.31,3,1
8.19,66.03,77.61,0,0,0,90.6,61.9,63.94,36.34,2,1
7.97,96.41,53.99,2,1,3,64.02,58.51,92.08,74.06,5,1
6.93,75.79,71.94,0,2,2,53.93,79.42,65.72,89.88,0,1
5.95,89.66,53.49,0,0,5,82.34,57.32,88.12,51.28,4,1
8.19,78.66,68.34,0,1,4,75.91,91.33,84.6,41.91,0,1
7.58,56.87,68.32,0,1,1,88.33,88.66,93.95,63.84,2,1
8.59,82.23,52.97,1,2,1,76.55,86.69,90.96,80.73,1,1
7.58,95.91,65.7,2,2,0,49.61,34.63,89.4,25.26,4,1
8.91,80.87,54.99,0,0,2,90.9,85.53,80.24,69.2,0,1
7.71,90.23,86.37,1,0,3,41.29,80.81,60.18,66.76,1,1
7.74,93.02,92.65,0,2,1,51.08,36.73,45.84,47.27,3,1
9.01,64.81,53.25,0,1,0,66.21,36.98,77.88,56.6,2,1
7.11,64.12,92.98,1,1,5,68.94,36.58,93.83,42.29,2,1
6.04,81.27,73.52,0,1,2,35.92,30.74,79.96,80.29,4,1
5.62,72.67,63.48,0,1,2,81.83,65.66,91.08,69.42,0,1
8.52,91.11,53.46,0,2,0,56.7,93.27,84.24,62.29,3,1
7.98,93.7,72.53,0,3,0,59.39,58.51,48.97,52.48,5,1
8.32,70.2,85.75,0,1,3,83.56,65.15,53.71,45.4,4,1
6.35,65.19,81.82,2,0,0,57.76,92.92,58.8,82.59,5,1
6.05,88.56,52.26,0,2,3,37.83,46.59,49.25,56.6,4,1
5.56,66.82,53.28,0,0,3,45.59,85.8,71.99,60.1,0,1
6.9,90.37,68.13,0,0,4,92.35,65.52,93.65,61.46,3,1
7.86,73.22,63.29,1,2,2,39.22,67.02,81.88,56.39,0,1
7.07,83.7,60.46,1,0,5,56.3,52.31,63.29,42.93,2,1
7.25,59.11,62.65,1,0,2,65.19,66.5,40.25,33.42,5,1
9.12,81.83,86.16,2,0,2,64.6,34.75,57.23,31.9,1,1
6.89,74.43,91.82,2,2,4,35.24,79.7,68.97,78.02,2,1
7.56,80.22,68.23,0,1,3,65.07,48.5,57.83,40.65,2,1
8.63,62.22,90.77,0,1,3,58.03,87.69,46.11,28.9,5,1
7.09,86.69,64.47,2,0,0,93.32,53.91,64.35,80.83,4,1
7.99,92.1,71.44,4,2,4,44.55,39.28,53.93,35.78,2,1
8.95,64.32,60.17,3,2,0,56.25,75.23,90.01,68.76,3,1
9.3,59.12,78.82,0,0,4,60.17,40.7,45.6,48.71,2,1
6.09,56.02,94.05,0,1,0,58.44,78.99,42.7,33.85,3,1
9.21,82.6,77.16,0,0,1,74.95,92.93,40.29,54.01,0,1
7.47,81.11,66.1,1,3,2,47.93,80.67,58.04,26.04,4,1
6.53,78.51,79.15,0,1,2,48.26,31.46,76.32,83.87,3,1
7.34,64.97,55.53,0,2,5,78.75,68.99,80.17,60.94,2,1
9.42,71.81,89.99,2,0,3,65.02,75.2,64.93,34.74,4,1
7.47,80.56,72.64,0,2,5,59.91,83.65,77.64,41.59,4,1
6.82,76.36,70.22,2,2,1,45.15,33.64,59.8,56.36,3,1
8.03,97.47,76.36,0,1,5,46.25,61.21,76.73,38.22,3,1
6.46,60.87,78.12,0,3,2,35.63,64.8,42.23,43.8,1,1
5.8,84.89,53.23,0,1,3,40.49,40.99,61.49,62.41,1,1
6.02,72.39,80.72,2,0,1,68.41,50.96,83.5,83.28,4,1
6.01,73.41,60.89,0,1,2,88.51,58.61,84.17,53.13,5,1
6.11,85.86,82.13,0,1,0,52.23,84.16,79.39,75.19,5,1
6.06,84.77,87.01,4,1,4,54.66,90.41,51.23,86.37,1,0
8.06,97.62,86.18,0,0,1,41.94,70.85,53.6,40.14,2,1
6.23,60.52,74.86,1,1,3,58.32,55.67,94.78,81.5,0,1
6.88,59.48,73.41,1,0,5,37.23,46.51,45.69,78.02,4,1
9.09,86.15,56.43,0,1,5,90.06,93.84,49.94,49.99,0,1
7.4,79.87,84.89,1,1,1,75.39,93.9,47.15,94.27,1,1
8.17,66.79,62.21,0,1,3,94.44,90.12,58.02,43.38,3,1
6.19,58.42,72.35,1,0,1,87.97,81.07,51.56,42.84,4,1
6.27,58.68,62.79,0,1,3,63.38,51.18,67.37,79.06,1,1
5.66,93.45,56.02,1,0,5,66.18,83.11,66.18,55.43,2,1
6.18,63.25,78.33,0,0,2,46.43,56.57,89.58,48.16,4,1
6.61,68.9,52.44,1,2,0,62.72,51.24,41.91,37.51,4,1
6.21,64.75,83.69,0,2,2,89.18,78.42,57.59,78.57,5,1
5.85,70.26,64.29,0,1,0,38.05,35.18,72.82,80.04,3,1
5.98,57.99,50.01,0,2,5,86.81,33.16,73.26,64.66,4,1
7.34,77.32,73.0,0,2,2,55.46,59.12,66.41,92.01,3,1
6.33,57.91,52.11,2,2,2,88.97,58.97,84.86,47.27,1,1
6.96,89.42,62.43,0,0,1,91.45,88.22,43.45,40.37,2,1
7.51,65.05,81.81,3,3,4,75.25,38.2,84.85,72.42,2,1
8.26,78.22,52.82,4,1,5,74.87,38.01,67.21,78.09,4,1
5.66,92.84,87.77,1,0,3,62.17,39.58,47.36,40.74,4,1
8.7,82.99,50.17,0,0,5,85.13,31.93,88.71,30.36,1,1
8.01,77.92,61.11,0,1,3,92.7,34.66,75.71,81.74,5,1
5.83,68.95,83.34,2,0,3,81.5,72.89,49.0,93.36,5,1
8.99,69.32,64.23,0,0,0,72.32,58.05,41.85,70.13,5,1
9.18,83.79,54.59,0,0,3,71.41,79.63,47.76,44.45,3,1
5.74,97.75,66.21,1,2,3,85.97,94.52,73.48,94.77,5,1
6.61,83.46,62.17,2,2,1,67.47,72.84,49.86,87.53,2,1
8.72,78.98,87.92,2,0,2,83.23,33.28,52.42,60.94,3,1
8.49,86.42,64.1,0,2,5,65.53,36.8,41.38,82.77,1,1
6.24,75.0,85.5,1,2,5,38.75,87.27,79.76,82.11,2,1
6.34,57.59,90.13,0,2,3,58.04,64.29,84.57,90.44,2,1
6.98,79.18,69.52,0,0,4,61.67,83.61,83.83,83.86,0,1
7.44,96.18,90.95,3,1,5,43.5,85.68,47.02,70.06,1,1
7.97,62.54,66.98,0,2,3,41.15,90.3,89.68,67.65,1,1
6.98,84.67,93.38,0,1,0,67.13,91.74,76.98,57.72,0,1
7.35,63.64,54.02,0,0,0,40.11,66.06,89.36,68.85,3,1
8.49,78.04,80.92,3,1,0,53.18,52.17,64.59,80.67,5,1
5.65,59.16,72.22,2,1,3,79.68,92.52,64.03,92.83,5,1
6.51,74.37,67.44,1,1,1,92.87,65.58,83.15,57.71,5,1
8.35,87.52,78.47,2,0,4,78.07,34.18,45.13,65.16,5,1
9.08,69.95,81.67,0,0,3,94.56,71.78,68.65,56.14,5,1
7.55,83.59,50.2,0,2,1,76.9,68.2,86.0,71.79,0,1
7.63,89.2,57.51,0,2,1,52.63,88.23,85.66,69.09,1,1
5.93,94.87,82.09,0,0,5,75.32,72.46,92.59,26.25,3,1
7.29,65.09,79.99,0,3,3,77.13,52.69,78.4,62.88,2,1
7.63,72.17,93.47,3,0,3,57.3,92.8,51.43,31.19,5,1
6.47,61.55,84.25,0,1,1,36.06,82.11,41.12,26.85,0,1
6.58,97.68,92.78,0,2,1,77.19,70.98,66.37,80.38,3,1
7.01,94.86,81.61,0,2,1,36.3,49.04,68.25,43.11,3,1
5.58,78.22,63.41,0,2,5,72.87,54.28,53.21,48.85,3,1
6.79,91.21,54.74,3,0,3,44.82,73.55,46.86,29.49,0,0
6.35,77.4,85.18,0,2,1,68.94,34.68,72.24,37.57,2,1
6.81,81.81,78.99,0,0,0,65.23,46.68,82.03,78.59,5,1
5.98,58.83,52.17,2,1,3,35.81,76.4,94.62,59.55,3,1
9.06,87.48,66.2,0,1,5,56.77,61.2,81.71,86.65,0,1
7.87,60.49,93.06,0,1,0,71.07,56.16,83.65,52.81,1,1
8.22,90.52,72.52,0,0,2,85.92,39.84,73.91,43.81,0,1
8.66,88.63,69.47,1,2,3,88.32,58.72,94.23,49.33,0,1
7.49,85.48,70.6,4,0,2,64.03,80.09,75.2,74.89,0,1
5.85,56.55,59.4,2,0,1,78.71,47.16,87.31,63.85,3,0
7.65,68.03,66.59,0,1,5,53.99,30.35,92.02,88.29,0,1
7.85,66.31,66.64,2,1,1,55.53,73.45,91.14,67.15,1,1
8.48,70.49,52.36,0,2,5,46.67,93.22,60.98,59.51,3,1
7.23,58.77,84.54,0,1,4,68.72,69.44,44.33,80.0,1,1
6.01,95.29,68.74,0,0,1,53.87,37.79,49.45,91.33,4,1
6.64,78.81,87.0,0,2,2,40.06,50.85,43.26,49.91,0,1
6.95,68.14,88.27,0,1,5,76.1,86.4,45.8,42.49,5,1
8.08,72.07,59.54,1,0,1,77.47,45.12,50.16,68.14,5,1
7.78,74.23,79.58,3,1,3,56.6,69.5,58.76,59.92,3,1
6.92,80.83,71.25,0,1,5,39.6,56.17,69.89,94.24,5,1
9.45,77.17,89.61,0,1,5,60.58,43.51,79.14,57.37,3,1
7.92,94.53,59.71,0,1,1,61.54,82.87,51.6,30.2,0,1
6.45,76.37,80.5,0,2,4,75.12,78.28,76.99,93.42,2,1
5.91,97.66,77.35,1,2,1,53.92,73.0,78.73,84.05,2,1
6.11,91.61,63.29,0,1,2,75.96,45.36,70.72,37.48,1,1
6.48,63.97,56.15,2,0,2,87.29,36.36,89.7,88.32,0,1
6.14,95.02,79.32,0,2,5,49.25,67.45,46.1,48.85,5,1
6.25,60.0,83.24,0,1,5,93.74,65.99,49.74,51.4,0,1
6.64,90.15,64.2,0,1,1,58.18,42.25,63.58,88.45,4,1
6.19,71.37,79.02,0,1,2,51.04,33.66,46.97,62.11,2,1
9.09,92.75,67.78,0,2,2,60.29,35.25,71.15,34.64,5,1
5.82,92.33,82.09,1,1,4,40.66,94.53,61.91,50.83,2,1
7.6,89.65,58.96,0,0,3,42.54,80.93,55.65,75.55,0,1
7.14,88.97,90.06,1,1,4,59.87,89.93,49.35,37.19,5,1
9.43,68.1,62.93,0,2,0,80.75,42.68,58.44,66.32,1,1
5.95,58.48,66.55,0,0,4,89.02,92.44,73.44,73.67,0,1
7.09,72.33,52.61,0,3,1,74.89,39.27,71.67,49.07,1,1
9.38,62.46,55.02,2,1,3,41.31,63.09,49.0,73.57,5,1
8.96,84.88,73.21,0,1,1,75.32,83.93,46.87,86.89,2,1
8.77,69.88,62.04,2,0,0,73.13,52.74,41.47,58.05,4,1
6.53,96.95,87.6,0,0,3,83.35,57.61,40.68,51.8,3,1
6.18,82.56,50.66,2,2,5,84.51,38.33,88.39,42.58,2,1
8.17,90.37,67.06,0,0,2,87.09,37.99,42.48,67.29,1,1
9.22,60.7,65.18,1,2,4,59.85,70.27,80.22,86.59,0,1
7.73,92.07,50.87,1,1,1,76.87,73.91,87.96,47.73,5,1
7.79,94.68,55.6,3,0,0,51.1,80.53,45.39,52.74,2,1
6.62,75.94,68.61,0,0,2,94.96,66.18,64.0,53.46,4,1
8.58,81.07,72.18,0,1,4,45.52,71.97,92.93,64.26,5,1
6.25,87.89,68.19,0,3,2,35.61,30.88,85.88,40.99,1,1
6.79,62.52,73.89,2,1,4,43.93,40.54,66.93,82.55,5,1
7.2,76.61,76.78,0,1,5,81.55,94.02,81.94,45.69,5,1
7.53,72.14,50.45,2,0,3,61.81,34.94,85.84,74.38,0,1
6.47,61.29,70.88,0,1,2,61.85,74.12,59.14,60.93,3,1
5.96,70.8,93.36,0,1,2,92.3,41.45,89.07,66.01,1,1
7.94,57.93,73.36,0,2,2,90.18,76.59,65.88,37.57,0,1
6.65,56.11,80.49,4,1,3,53.67,75.89,69.03,76.45,3,1
7.82,60.81,64.03,1,1,0,47.54,45.22,94.98,38.2,0,1
6.12,96.41,84.83,3,0,4,85.91,47.53,86.38,32.94,3,1
7.42,78.63,84.78,0,3,5,89.36,72.56,59.9,63.27,3,1
7.63,96.53,73.46,1,0,2,67.5,55.36,40.57,74.65,3,1
5.71,73.6,93.92,1,0,3,72.77,42.65,74.44,28.5,0,1
6.85,68.41,55.65,0,1,0,50.41,77.56,78.72,29.86,5,1
6.04,76.76,50.76,2,1,4,83.05,40.02,75.79,81.19,3,1
5.75,73.9,84.66,3,1,3,72.93,85.62,93.23,81.63,5,1
9.46,59.54,86.32,3,1,5,65.21,63.45,87.46,42.17,1,1
6.79,82.56,55.41,1,2,5,38.61,36.87,64.69,68.07,4,1
8.74,64.29,61.95,0,0,4,89.96,75.11,43.46,56.02,5,1
6.52,81.64,50.79,0,2,2,71.93,63.75,66.18,69.29,4,1
8.23,82.96,63.2,4,1,5,46.56,49.37,77.91,85.4,3,1
8.54,61.54,84.79,0,1,0,71.38,57.47,73.42,30.59,4,1
7.88,57.64,73.31,1,1,3,75.65,49.39,69.6,79.46,4,1
7.39,88.57,65.66,1,0,0,66.55,47.1,65.79,59.51,3,1
7.15,74.77,66.73,1,2,2,78.09,40.63,56.16,64.49,5,1
6.9,57.5,50.06,4,1,0,69.89,53.58,55.25,70.78,3,0
9.22,97.78,63.49,0,0,0,91.87,46.31,67.51,89.58,1,1
8.82,57.48,79.09,0,1,1,38.22,74.42,48.83,28.97,2,1
9.36,84.89,93.84,0,3,0,41.37,74.45,58.74,27.06,0,1
6.0,97.3,88.12,0,1,4,45.42,62.62,57.82,37.48,3,1
8.42,65.28,51.06,0,2,3,76.41,80.57,72.29,94.05,3,1
9.25,61.12,90.44,0,0,1,73.74,84.69,43.67,75.06,4,1
6.22,60.22,85.24,2,0,3,88.52,67.68,85.63,68.02,1,1
5.77,68.04,85.12,3,0,3,78.97,70.23,70.93,28.29,4,0
8.46,59.34,70.61,0,1,2,65.5,48.39,76.9,86.54,5,1
7.8,84.76,67.91,0,0,2,94.51,88.17,78.67,81.89,3,1
8.87,57.68,63.63,3,0,1,50.97,31.57,56.03,71.54,3,1
6.06,76.91,52.96,0,2,5,84.99,52.66,65.87,48.74,4,1
8.68,97.86,60.27,0,2,2,60.61,76.92,92.59,29.94,3,1
6.31,90.0,61.1,0,1,2,73.92,35.21,82.17,65.6,5,1
6.15,81.45,71.78,1,0,2,78.64,41.91,93.33,75.38,2,1
6.16,68.17,83.63,0,0,3,73.03,68.3,81.04,31.6,0,1
8.76,81.83,71.32,4,0,1,43.43,66.4,49.66,69.36,0,1
8.16,77.66,52.6,0,1,3,61.58,78.03,43.55,45.05,0,1
7.59,73.32,93.1,0,2,4,68.69,82.82,71.77,78.5,2,1
6.94,60.62,92.42,0,1,3,85.94,38.36,59.68,62.77,3,1
9.01,93.12,85.33,0,0,4,61.62,31.19,55.15,34.03,4,1
7.07,74.34,94.61,1,1,0,90.12,74.83,84.4,61.86,1,1
8.77,63.37,74.5,2,0,0,61.42,49.59,60.18,52.7,3,1
7.26,70.81,93.32,2,1,4,67.93,70.69,57.44,37.62,2,1
7.01,72.81,53.4,1,1,4,82.78,39.79,86.75,83.91,5,1
7.35,90.58,66.46,3,1,3,69.98,60.49,86.55,25.77,2,1
6.71,86.55,60.14,2,0,4,92.61,62.79,59.6,46.85,0,1
8.49,88.08,58.81,2,0,1,74.62,68.03,85.79,25.88,3,1
7.51,55.47,56.34,0,3,0,66.36,63.36,86.79,31.72,0,1
6.43,72.89,78.01,0,0,0,36.42,62.22,63.32,45.8,1,1
9.1,75.7,85.16,0,0,5,59.82,51.63,43.66,28.8,5,1
7.04,55.83,76.02,1,0,4,52.95,34.63,40.09,66.76,0,1
7.67,66.17,56.61,0,0,2,79.89,35.82,68.78,31.08,1,1
9.13,87.69,86.5,0,1,2,47.5,58.2,58.92,74.12,2,1
8.0,60.9,78.62,3,2,4,47.31,53.13,94.84,28.68,0,1
5.97,78.02,67.47,3,0,1,46.37,63.55,82.48,29.15,0,0
9.26,64.25,80.34,3,1,2,42.54,49.81,81.87,46.37,4,1
8.01,55.52,61.7,0,1,5,53.66,74.71,92.54,87.76,5,1
6.84,65.37,65.53,1,1,4,88.16,86.16,88.82,69.9,5,1
6.06,96.96,91.29,0,2,1,81.5,49.43,57.5,78.91,2,1
8.68,89.47,63.07,0,2,1,79.12,42.54,49.13,34.91,4,1
7.98,96.26,71.15,0,0,3,82.84,37.55,81.02,83.39,1,1
7.63,75.98,90.06,0,2,1,51.17,70.06,60.81,25.57,1,1
9.08,59.72,81.85,0,1,2,88.25,58.85,66.02,39.91,2,1
8.65,78.56,52.8,2,3,2,43.24,42.22,74.67,68.13,5,1
6.11,74.54,56.63,0,1,4,55.18,72.45,89.93,51.27,1,1
6.75,91.31,50.35,1,3,4,70.2,39.65,63.05,93.89,2,1
6.49,59.22,78.39,0,2,1,41.17,66.03,83.08,27.12,1,1
8.48,75.99,70.15,0,0,5,78.81,64.26,54.76,94.9,3,1
5.63,61.45,56.04,0,1,0,58.23,77.72,78.39,68.65,0,0
7.78,68.96,93.11,0,3,3,82.06,33.58,40.09,64.11,5,1
8.55,86.71,73.83,1,2,0,64.57,87.71,87.93,29.17,3,1
9.01,75.47,60.89,0,0,1,45.85,75.69,41.67,44.13,2,1
6.87,71.16,72.53,0,1,1,79.09,44.05,79.2,89.73,2,1
8.79,71.96,80.58,0,0,0,50.13,41.92,42.54,49.8,3,1
5.94,74.76,53.43,0,0,3,64.45,58.06,54.64,71.32,0,1
8.89,88.76,62.36,3,1,0,39.53,83.14,67.35,94.96,0,1
6.01,93.36,86.31,0,0,4,72.07,84.79,63.1,43.41,4,1
7.09,96.08,70.68,1,2,2,74.95,63.83,50.55,65.33,1,1
8.69,88.84,74.6,1,0,5,57.72,85.95,58.36,73.75,4,1
6.1,68.56,69.48,3,2,4,92.27,30.35,80.02,36.52,0,1
6.42,84.59,51.98,2,0,2,87.45,32.29,76.81,35.41,3,1
8.39,73.82,57.46,1,0,5,77.48,89.27,43.95,56.94,1,1
8.38,65.95,70.05,1,0,5,77.82,80.4,81.1,52.01,3,1
8.06,91.16,59.41,3,0,5,50.14,59.3,42.92,75.0,4,1
8.28,56.65,52.25,0,0,1,74.41,78.98,69.86,29.87,2,1
7.67,93.78,87.96,0,0,5,46.89,92.12,54.3,93.05,3,1
6.51,74.84,94.15,0,1,3,43.64,80.19,72.32,26.0,4,1
6.88,82.4,85.69,2,0,0,94.97,84.75,54.37,67.09,4,1
6.23,83.35,88.42,2,1,3,72.34,79.44,94.17,64.38,4,1
9.13,93.49,60.89,0,1,0,60.86,40.93,57.04,34.43,2,1
7.83,82.38,93.23,1,2,4,52.29,84.18,53.31,35.56,2,1
7.1,81.4,58.86,0,2,4,71.24,42.68,55.32,80.49,2,1
7.35,57.87,92.81,0,1,0,37.98,88.02,89.31,87.13,1,1
9.29,77.29,94.77,4,0,3,40.68,59.81,74.99,44.81,2,1
6.11,61.46,82.03,0,0,0,36.97,74.0,80.19,55.66,2,1
7.84,86.71,94.15,0,3,5,64.95,62.32,90.49,49.85,2,1
7.52,77.03,75.63,1,0,1,71.04,36.11,90.15,30.08,3,1
7.95,84.25,61.68,1,0,4,38.75,48.9,80.64,72.12,2,1
5.57,56.79,69.66,0,0,1,78.27,93.94,50.88,82.76,1,1
8.99,58.65,76.71,1,0,5,48.82,92.45,86.39,46.34,4,1
9.23,85.8,53.29,0,0,5,76.11,50.83,51.21,94.31,3,1
7.76,58.1,78.01,0,2,4,93.91,94.76,80.86,30.31,0,1
8.29,58.06,94.15,0,0,4,76.47,84.96,77.71,71.33,2,1
9.19,55.52,58.55,1,1,5,87.99,69.71,81.74,56.38,4,1
8.33,96.13,85.67,0,0,2,91.89,32.61,69.3,56.26,4,1
6.11,86.71,90.86,3,0,1,64.21,88.59,75.13,57.04,3,1
7.81,70.19,92.47,2,2,1,77.14,66.23,92.43,43.11,0,1
7.93,67.75,93.21,4,0,2,86.12,86.45,45.56,75.09,5,1
7.2,70.04,73.47,0,2,3,56.4,84.24,56.99,75.51,1,1
8.45,88.31,93.98,4,1,1,50.68,84.15,73.62,44.77,5,1
9.24,83.44,84.08,0,0,0,91.8,75.38,93.02,83.47,4,1
9.2,62.96,57.28,0,3,5,78.58,48.94,45.26,47.18,5,1
7.3,62.49,71.46,0,0,5,48.18,51.85,41.24,75.76,4,1
5.95,59.23,82.32,0,2,2,61.95,50.05,43.07,33.47,5,1
9.44,83.39,61.13,1,0,1,82.79,31.3,42.88,36.81,4,1
8.86,87.87,78.83,0,2,3,67.82,67.87,89.93,47.11,4,1
6.0,66.4,80.0,0,0,1,74.0,75.42,79.67,66.57,3,1
9.18,55.9,57.32,1,1,5,80.23,85.5,77.24,70.19,0,1
8.98,58.53,75.43,0,2,4,72.32,39.11,68.74,52.74,4,1
7.58,96.62,84.72,1,2,0,67.4,65.37,83.01,30.45,1,1
7.87,67.7,72.45,0,2,2,79.98,30.52,48.56,51.15,1,1
7.1,88.08,50.54,2,2,4,78.65,36.18,61.56,73.21,2,1
5.72,81.86,50.41,2,2,3,72.79,33.52,66.95,71.97,4,1
6.84,71.42,66.07,0,0,4,56.59,77.16,46.07,36.21,4,1
8.71,63.84,91.68,0,0,4,59.35,35.27,63.07,25.54,4,1
5.52,60.22,60.29,0,0,3,93.23,76.57,57.41,77.71,5,1
6.83,81.45,78.55,2,1,4,41.74,46.23,41.96,32.45,4,1
7.09,88.31,59.99,0,1,2,51.11,87.05,47.52,30.76,4,1
7.65,82.69,64.48,0,1,5,64.54,82.85,82.02,25.19,1,1
9.18,77.8,88.16,0,0,1,85.2,92.26,40.99,55.28,0,1
6.89,56.8,82.8,0,1,4,44.82,87.44,91.38,60.23,0,1
6.89,96.65,54.29,0,0,2,51.62,90.67,44.75,69.64,2,1
8.45,89.34,69.29,2,0,1,38.95,85.82,83.96,45.72,1,1
7.31,67.59,51.31,0,1,1,77.36,75.07,89.42,74.73,4,1
6.4,97.14,71.64,0,2,4,49.29,41.07,91.76,36.85,0,1
7.31,80.88,79.81,2,1,2,58.32,47.66,87.71,83.24,3,1
6.06,80.04,55.33,2,1,5,61.62,43.83,55.82,65.03,3,1
6.21,87.17,63.0,0,0,4,88.48,69.23,58.32,65.87,3,1
7.49,89.91,67.9,0,1,3,59.68,62.74,63.46,39.68,4,1
7.18,83.23,91.38,0,0,1,43.71,86.36,47.66,30.19,4,1
9.16,60.51,94.7,3,1,4,66.46,91.92,41.22,57.53,2,1
6.95,69.55,52.02,0,1,1,92.78,56.32,87.8,68.09,2,1
7.82,94.91,84.25,3,0,2,71.46,62.91,70.48,31.65,2,1
8.03,64.66,66.73,1,0,0,94.0,93.15,73.48,91.54,5,1
5.55,71.0,67.66,0,3,4,85.47,47.96,90.98,93.63,3,1
8.15,73.58,83.94,0,3,5,37.16,81.51,76.58,63.18,4,1
6.21,73.89,91.33,0,1,4,74.5,44.64,78.0,91.5,3,1
9.34,81.36,92.79,0,0,1,52.21,74.29,83.28,37.56,2,1
6.09,95.55,75.97,0,0,2,68.58,46.49,46.4,26.78,4,1
7.16,65.35,66.07,1,1,3,51.76,87.44,59.81,27.76,1,1
5.84,60.22,85.44,4,2,5,55.93,66.5,93.25,66.13,0,1
9.49,63.49,61.3,1,0,2,90.39,42.09,90.76,29.31,0,1
7.51,93.14,75.38,1,2,4,47.4,44.58,88.62,92.1,2,1
7.88,82.77,66.14,0,0,3,87.45,62.1,64.86,34.94,3,1
5.77,67.29,79.55,0,3,2,36.83,92.5,87.15,46.33,1,1
8.5,90.09,60.82,0,1,0,40.45,80.03,42.66,82.58,4,1
6.34,92.04,58.62,1,2,5,86.28,61.74,48.17,40.31,3,1
9.09,91.4,91.32,3,0,1,72.83,51.95,62.77,42.01,2,1
6.32,94.51,54.58,1,1,2,79.83,65.7,66.59,69.96,3,1
6.26,65.85,72.77,0,0,2,47.57,78.64,54.49,44.33,2,1
5.65,87.47,59.94,0,0,0,67.23,80.96,59.61,40.22,5,1
7.39,74.8,51.75,1,2,4,79.23,51.1,48.95,42.79,0,1
7.76,91.21,51.62,0,2,5,72.64,76.88,66.9,59.35,0,1
5.76,86.33,57.88,2,2,5,63.3,72.76,83.66,92.63,3,1
8.6,88.39,89.0,2,1,1,92.59,92.34,76.37,83.26,1,1
7.31,83.21,62.71,1,2,2,75.57,90.52,45.93,44.92,4,1
7.6,62.63,92.77,0,0,3,89.47,81.31,66.82,50.44,2,1
7.26,78.44,76.17,0,0,2,78.79,77.02,78.37,57.52,4,1
7.1,97.34,69.65,0,0,1,79.13,47.81,69.14,93.53,0,1
7.74,95.31,76.1,0,1,2,39.8,84.99,61.54,37.07,1,1
6.12,56.86,73.25,0,1,0,56.57,57.79,74.21,50.02,1,1
6.23,62.09,84.14,1,0,2,86.5,47.7,93.28,76.06,4,1
8.95,60.66,62.71,1,1,2,48.96,54.97,45.22,92.48,0,1
9.28,86.22,65.89,0,2,3,41.93,84.34,61.45,35.9,4,1
6.99,90.16,90.23,0,1,0,54.57,39.66,62.36,40.92,3,1
6.58,64.18,92.59,0,0,0,48.23,59.65,71.73,40.8,1,1
8.08,76.75,90.17,0,0,2,90.52,62.0,48.37,26.47,1,1
7.13,91.15,68.88,2,0,5,87.08,32.38,49.72,67.29,3,1
5.6,86.51,85.12,0,0,3,64.98,42.72,55.69,71.95,0,1
6.12,78.32,71.44,0,1,2,38.68,83.74,92.57,67.18,1,1
8.36,80.38,72.39,0,1,2,77.87,84.0,80.38,29.99,5,1
8.14,76.86,59.21,3,1,1,72.4,49.01,76.39,29.85,5,1
5.61,67.79,76.6,1,1,1,93.23,86.87,84.93,39.73,5,1
6.39,79.3,58.38,0,2,5,68.54,80.17,47.02,45.32,2,1
6.42,84.62,64.92,0,0,3,55.18,57.16,87.26,80.06,2,1
8.19,92.55,88.48,1,1,4,66.14,78.65,72.72,36.16,0,1
5.58,82.36,59.32,4,2,1,93.76,92.49,58.44,28.09,3,1
5.92,87.73,53.2,0,0,4,76.78,59.83,84.87,52.58,4,1
8.7,61.88,53.11,3,0,0,75.32,45.5,84.14,54.15,0,1
6.21,74.85,92.34,3,2,1,49.44,91.22,86.51,56.56,4,1
8.11,55.4,72.81,3,0,1,79.62,69.24,46.35,82.88,0,1
6.45,65.61,68.42,1,1,3,80.02,36.84,93.31,31.86,2,1
5.9,86.24,86.49,1,0,5,54.04,67.22,92.78,74.28,5,1
6.47,97.65,87.61,0,1,4,64.02,62.54,59.66,48.66,3,1
8.39,59.26,64.95,2,0,1,52.68,85.61,43.62,46.7,2,1
8.92,72.26,81.21,0,0,1,50.52,64.5,49.19,90.28,3,1
8.82,89.4,84.7,1,1,3,36.55,46.59,94.61,42.39,4,1
7.09,63.77,79.46,0,0,3,52.11,73.92,70.97,69.98,0,1
8.17,78.87,56.82,1,1,5,68.24,65.27,59.61,44.26,1,1
6.32,86.52,89.41,2,0,4,35.1,45.15,55.85,60.5,1,0
6.67,81.49,74.26,0,0,0,51.99,67.29,54.13,80.04,3,1
9.09,63.09,62.71,2,0,5,87.88,83.4,76.53,86.72,5,1
5.55,70.28,69.14,0,0,0,70.62,31.86,63.07,83.71,5,1
5.84,88.7,51.69,2,2,2,71.47,71.01,93.1,65.75,3,1
6.33,78.83,55.75,0,0,1,59.2,52.72,77.61,42.42,2,1
5.61,55.22,84.45,0,1,4,75.59,49.02,83.56,71.29,1,1
6.23,87.72,50.0,3,0,5,46.4,55.52,56.1,74.69,2,1
7.83,56.52,68.75,0,0,1,84.12,52.23,44.36,25.75,4,1
7.19,87.07,73.51,2,2,4,42.0,84.1,66.83,55.74,1,1
9.07,63.71,52.46,0,0,4,74.36,47.86,57.3,84.03,4,1
8.77,96.2,93.79,0,3,4,55.47,77.65,51.11,59.27,0,1
6.87,70.82,60.18,0,0,1,79.85,36.11,92.4,46.8,2,1
6.54,69.06,63.69,1,1,5,67.99,91.84,64.42,86.03,3,1
7.02,61.4,63.68,0,1,3,62.14,70.45,49.61,35.91,1,1
7.86,68.14,60.37,0,2,1,45.17,75.94,50.93,39.45,2,1
6.57,92.7,50.07,0,1,4,73.21,49.37,55.44,73.12,3,1
8.0,97.84,82.82,0,1,5,93.49,56.79,94.96,49.67,0,1
7.14,70.84,93.51,4,0,2,84.54,44.55,54.74,74.91,1,1
7.71,74.29,60.09,4,0,0,38.6,90.61,58.08,36.04,4,1
7.24,86.05,79.84,0,2,4,57.57,61.73,76.26,42.66,0,1
6.68,93.11,83.39,1,0,2,90.53,70.98,56.17,35.97,5,1
9.29,80.5,88.18,0,1,3,65.18,77.73,51.87,91.7,3,1
8.55,71.84,69.02,1,2,4,74.73,54.12,48.73,53.38,1,1
6.06,72.74,63.63,2,0,2,89.76,76.81,57.2,48.61,1,1
8.97,84.91,64.64,3,3,4,87.43,73.94,45.83,25.99,0,1
7.45,55.14,82.07,0,1,1,65.11,75.87,41.03,35.74,1,1
9.08,81.64,86.76,2,1,5,61.26,61.8,84.26,54.48,3,1
8.7,70.29,58.17,0,2,2,55.38,54.89,47.58,29.8,0,1
7.2,89.15,66.69,4,0,5,78.14,44.44,82.68,60.75,4,1
5.59,59.0,90.59,0,0,1,52.22,83.6,83.86,56.85,0,1
6.57,80.29,86.3,1,1,1,49.99,69.54,69.59,78.7,0,1
7.67,75.68,94.32,1,0,5,56.37,58.88,57.03,71.19,4,1
8.03,82.62,83.94,1,1,2,45.63,91.36,47.98,56.22,5,1
6.53,57.79,67.69,0,2,5,76.71,33.11,80.52,40.73,3,1
6.06,79.94,76.58,3,1,5,71.97,85.26,73.08,75.88,5,1
8.84,79.14,79.75,0,0,0,63.97,94.84,76.05,74.55,5,1
9.44,79.11,53.53,1,3,2,58.42,87.65,40.48,35.73,5,1
7.6,80.95,74.5,0,1,0,89.54,82.68,91.01,89.03,2,1
6.19,84.09,81.92,0,1,4,36.75,54.33,43.65,29.51,5,1
6.59,89.61,57.53,0,1,5,81.15,45.04,60.17,28.85,2,1
5.57,66.6,85.13,0,2,4,89.11,77.77,62.15,38.11,4,1
9.16,90.48,76.27,0,1,2,61.78,49.8,40.07,88.66,3,1
5.97,76.42,92.85,0,2,5,68.04,41.44,67.34,61.4,5,1
7.81,58.31,51.91,0,2,4,91.67,81.12,81.4,80.16,1,1
6.6,57.52,61.94,2,0,3,47.74,50.32,85.28,40.95,4,1
7.72,69.37,77.07,3,1,1,66.21,89.44,88.37,59.32,2,1
8.11,88.75,63.35,0,2,5,63.48,84.64,66.82,50.08,3,1
8.82,85.43,82.15,0,1,1,50.5,85.1,74.68,82.95,0,1
6.33,88.91,84.16,0,2,0,84.12,80.15,44.37,26.58,3,1
5.54,77.24,54.61,0,2,4,88.98,87.26,66.84,42.07,3,1
6.05,73.93,73.12,1,1,0,81.92,82.37,48.51,35.68,5,1
9.1,61.34,72.9,1,1,5,46.72,69.16,60.33,85.14,5,1
9.0,69.11,66.62,0,2,1,40.2,49.23,58.11,57.73,2,1
7.89,73.66,91.98,0,2,1,71.33,87.73,63.29,53.3,2,1
7.9,58.81,87.24,0,1,4,38.43,84.64,71.44,56.46,5,1
8.16,64.49,81.37,2,0,5,75.37,60.74,89.66,93.03,5,1
6.2,80.72,82.14,4,1,3,66.83,32.54,61.7,84.52,1,1
9.16,86.63,70.78,0,1,3,74.77,71.51,93.96,74.45,1,1
7.18,97.93,91.44,0,1,4,70.41,33.29,81.75,45.33,4,1
7.03,95.12,81.26,2,1,5,60.36,90.21,68.13,36.56,5,1
7.58,82.63,82.8,3,1,4,47.05,92.51,75.42,89.5,0,1
5.69,73.11,88.78,0,1,5,53.34,42.32,45.62,54.62,1,1
6.17,82.36,62.33,0,0,0,66.47,73.97,86.45,44.51,2,1
8.45,88.78,86.32,0,1,4,74.11,36.0,72.03,57.96,3,1
5.83,60.09,58.79,1,1,5,81.77,77.42,94.23,89.25,4,1
7.91,72.63,65.54,0,0,3,81.03,52.57,75.0,52.09,1,1
6.48,91.11,65.1,0,0,5,93.36,74.27,85.88,64.38,3,1
7.06,71.5,94.03,1,1,5,52.15,54.24,83.99,81.21,3,1
6.65,79.59,88.54,0,1,4,39.27,39.46,59.0,54.9,1,1
6.92,80.27,81.55,2,0,0,55.74,56.4,54.28,41.35,0,0
8.38,62.93,82.72,0,3,0,79.6,37.32,63.68,94.62,0,1
6.69,70.58,75.29,0,1,0,61.29,67.5,65.7,91.96,4,1
7.77,69.38,92.62,1,3,0,84.07,32.66,53.2,84.04,0,1
7.4,56.13,72.33,0,1,2,67.96,64.28,89.2,73.19,4,1
8.15,56.04,67.12,4,1,4,90.79,87.61,69.84,45.64,2,1
9.25,90.76,57.34,0,2,1,91.87,84.46,93.81,88.94,1,1
8.43,66.74,85.38,0,1,4,39.16,87.38,84.55,44.29,3,1
6.36,77.28,83.05,1,1,2,62.38,89.93,70.56,81.06,4,1
5.62,67.85,67.3,0,0,0,71.58,36.79,92.09,89.28,0,1
6.55,95.45,51.13,3,1,2,50.35,38.37,67.77,67.21,4,1
7.88,66.15,87.75,0,0,3,59.42,66.21,88.79,81.21,5,1
5.71,73.48,50.51,0,0,3,75.66,88.11,59.7,80.42,4,1
7.49,92.53,81.67,0,0,4,48.6,93.33,60.83,38.52,0,1
7.89,91.2,93.66,0,0,4,71.12,33.01,63.0,71.75,5,1
6.84,63.0,69.69,2,3,1,76.85,53.13,70.06,31.54,5,1
8.58,89.51,60.57,2,0,1,40.43,43.84,70.44,60.55,0,1
5.93,74.7,81.72,0,1,3,64.85,79.14,67.3,36.36,5,1
5.8,75.77,86.77,0,2,0,50.78,71.61,56.83,54.14,1,1
8.41,60.74,74.59,2,1,2,78.46,37.79,91.0,83.31,3,1
7.48,58.47,93.52,3,0,1,46.37,61.43,72.37,94.1,1,1
8.25,86.3,52.33,0,1,5,88.53,74.55,62.43,47.26,1,1
7.24,76.35,72.72,0,1,1,60.86,80.64,75.81,62.24,0,1
6.49,73.78,82.33,0,1,0,46.88,31.3,82.24,60.79,0,1
8.78,86.37,88.82,3,2,0,61.28,87.88,92.84,91.81,3,1
8.7,87.92,58.07,0,3,4,59.52,67.0,67.48,58.5,4,1
8.28,61.83,86.0,0,1,2,60.74,82.77,46.17,73.94,1,1
6.59,81.24,74.87,2,0,0,70.13,82.52,64.24,89.53,5,1
7.86,60.82,67.84,0,1,1,66.27,42.34,66.34,51.14,3,1
6.94,87.31,55.93,0,0,1,43.99,37.16,89.33,88.15,1,1
5.87,83.25,88.94,0,2,3,38.93,76.88,61.71,89.22,4,1
9.17,96.13,57.08,0,0,0,78.76,40.17,92.43,90.15,5,1
6.05,57.97,63.94,0,0,5,68.58,85.25,66.68,43.93,1,1
9.3,57.45,63.05,0,2,4,56.54,77.2,93.56,53.02,2,1
7.28,67.13,89.21,0,1,2,83.5,84.72,40.45,85.93,3,1
